{
  "fits": {
    "r_hip_yaw": {
      "name": "r_hip_yaw",
      "strength": 0.5174279687124749,
      "offset": 0.007828973145003137,
      "rmse": 0.0029898892140316907
    },
    "r_hip_roll": {
      "name": "r_hip_roll",
      "strength": 0.1429798690946806,
      "offset": -0.01525700794888008,
      "rmse": 0.001329659727818892
    },
    "r_hip_pitch": {
      "name": "r_hip_pitch",
      "strength": 0.5021701295676021,
      "offset": 0.004770219365902287,
      "rmse": 0.0029570783795152666
    },
    "r_knee": {
      "name": "r_knee",
      "strength": 0.7424923274651247,
      "offset": 0.01224462299551477,
      "rmse": 0.003222549554453984
    },
    "r_ank_pitch": {
      "name": "r_ank_pitch",
      "strength": 0.6673360822297952,
      "offset": -0.08694059226537039,
      "rmse": 0.0011205679932407796
    },
    "r_ank_roll": {
      "name": "r_ank_roll",
      "strength": 0.5889198119298028,
      "offset": -0.010970322964991671,
      "rmse": 0.002791085632532797
    },
    "l_hip_yaw": {
      "name": "l_hip_yaw",
      "strength": 0.6559766423727561,
      "offset": -0.013955908626777928,
      "rmse": 0.0032581096026009994
    },
    "l_hip_roll": {
      "name": "l_hip_roll",
      "strength": 0.47701706851803743,
      "offset": 0.007619209980000624,
      "rmse": 0.002884374564259217
    },
    "l_hip_pitch": {
      "name": "l_hip_pitch",
      "strength": 0.9024654351440472,
      "offset": -0.027378177131730713,
      "rmse": 0.0059737560968954485
    },
    "l_knee": {
      "name": "l_knee",
      "strength": 0.5973156073422821,
      "offset": -0.03277862613466551,
      "rmse": 0.003601773191351241
    },
    "l_ank_pitch": {
      "name": "l_ank_pitch",
      "strength": 0.6065729804935308,
      "offset": 0.08743398673307451,
      "rmse": 0.0013411604958737373
    },
    "l_ank_roll": {
      "name": "l_ank_roll",
      "strength": 0.42335741798767296,
      "offset": 0.026473919952372086,
      "rmse": 0.0031891296931721453
    },
    "head_pan": {
      "name": "head_pan",
      "strength": 0.9426407876235079,
      "offset": -0.03082379636764712,
      "rmse": 0.0021071122518099418
    },
    "head_tilt": {
      "name": "head_tilt",
      "strength": 0.992543695456295,
      "offset": -0.0027681824735157077,
      "rmse": 0.0022137946509528145
    },
    "r_sho_pitch": {
      "name": "r_sho_pitch",
      "strength": 0.9307194186319622,
      "offset": -0.0010333283111602148,
      "rmse": 0.0035476091201745957
    },
    "r_sho_roll": {
      "name": "r_sho_roll",
      "strength": 0.8437068392601533,
      "offset": -0.04409273760263949,
      "rmse": 0.002467056633707792
    },
    "r_el_pitch": {
      "name": "r_el_pitch",
      "strength": 0.9544891943789747,
      "offset": 0.01085224457421504,
      "rmse": 0.004978964663742191
    },
    "r_el_yaw": {
      "name": "r_el_yaw",
      "strength": 0.8557488571917758,
      "offset": -0.039778340903331794,
      "rmse": 0.002638257545412929
    },
    "r_gripper": {
      "name": "r_gripper",
      "strength": 0.8899997836348668,
      "offset": -0.010194509123495909,
      "rmse": 0.003247631546603297
    },
    "l_sho_pitch": {
      "name": "l_sho_pitch",
      "strength": 0.8539880507578187,
      "offset": -0.016716145810707992,
      "rmse": 0.0034731381999649875
    },
    "l_sho_roll": {
      "name": "l_sho_roll",
      "strength": 1.0169710449410558,
      "offset": 0.05101864958693489,
      "rmse": 0.0011571898269612962
    },
    "l_el_pitch": {
      "name": "l_el_pitch",
      "strength": 0.9314454786745241,
      "offset": -0.009986024371871816,
      "rmse": 0.0034235269435378365
    },
    "l_el_yaw": {
      "name": "l_el_yaw",
      "strength": 0.9710296795420017,
      "offset": 0.020882598081126767,
      "rmse": 0.0039071208756973515
    },
    "l_gripper": {
      "name": "l_gripper",
      "strength": 0.8065546733950881,
      "offset": -0.03353457745324248,
      "rmse": 0.004593004991560352
    }
  }
}
