{
  "method": "direct_least_squares_sysid",
  "fits": {
    "head_pan": {
      "name": "head_pan",
      "strength": 0.00011865240002935667,
      "offset": -0.011254183838927645,
      "rmse": 0.00041027935942108637,
      "n_samples": 5
    },
    "head_tilt": {
      "name": "head_tilt",
      "strength": -0.003012310867538301,
      "offset": -0.01992424179136572,
      "rmse": 0.000433980472117687,
      "n_samples": 5
    },
    "r_sho_pitch": {
      "name": "r_sho_pitch",
      "strength": -0.0010263840639905153,
      "offset": 0.021397219496672996,
      "rmse": 0.0001977006569911933,
      "n_samples": 5
    },
    "r_sho_roll": {
      "name": "r_sho_roll",
      "strength": 0.00026172820517060823,
      "offset": -0.0012851673600329239,
      "rmse": 0.00025879794156625184,
      "n_samples": 5
    },
    "r_el_pitch": {
      "name": "r_el_pitch",
      "strength": -0.0028711481897177303,
      "offset": 0.10282241201343122,
      "rmse": 0.0001365162418816548,
      "n_samples": 5
    },
    "r_el_yaw": {
      "name": "r_el_yaw",
      "strength": -8.782200651039113e-5,
      "offset": -0.004502767645864436,
      "rmse": 0.0002537983765494721,
      "n_samples": 5
    },
    "r_gripper": {
      "name": "r_gripper",
      "strength": -0.0013390437547272677,
      "offset": 0.022736462651347746,
      "rmse": 0.00020352572113967817,
      "n_samples": 5
    },
    "l_sho_pitch": {
      "name": "l_sho_pitch",
      "strength": -0.0013128875078560933,
      "offset": 0.014622666532142638,
      "rmse": 0.0001988745919903883,
      "n_samples": 5
    },
    "l_sho_roll": {
      "name": "l_sho_roll",
      "strength": -0.00290440686032107,
      "offset": 0.0028896061260172967,
      "rmse": 0.0001375253388356044,
      "n_samples": 5
    },
    "l_el_pitch": {
      "name": "l_el_pitch",
      "strength": 0.0002777488929734132,
      "offset": -0.1341250847444874,
      "rmse": 0.000224207726502064,
      "n_samples": 5
    },
    "l_el_yaw": {
      "name": "l_el_yaw",
      "strength": -0.00047874903839513803,
      "offset": 0.0007338711944779863,
      "rmse": 1.667267789899071e-5,
      "n_samples": 5
    },
    "l_gripper": {
      "name": "l_gripper",
      "strength": -0.00021527578533014194,
      "offset": 0.010165608798479617,
      "rmse": 1.2706096695138133e-5,
      "n_samples": 5
    }
  },
  "baseline_rms_total_rad": 0.01668662474751577,
  "final_rms_total_rad": 0.0,
  "reduction_pct": 100.0,
  "offset_recovery_err_mrad": 19.205121133934668,
  "strength_recovery_err": 1.043310615535917,
  "truth_offsets_rad": {
    "head_pan": -0.0065465287071483184,
    "head_tilt": -0.01754702861659296,
    "r_sho_pitch": 0.026090518156952007,
    "r_sho_roll": -0.0074386609266322784,
    "r_el_pitch": 0.0049345444419030314,
    "r_el_yaw": -0.0038785881821088598,
    "r_gripper": 0.023752093182031832,
    "l_sho_pitch": 0.019805414806227585,
    "l_sho_roll": 0.009500289342373729,
    "l_el_pitch": -0.03305264820969976,
    "l_el_yaw": 0.0007804346138982975,
    "l_gripper": 0.010255292861648016
  },
  "truth_strengths": {
    "head_pan": 0.9542319973407163,
    "head_tilt": 0.9909270456415061,
    "r_sho_pitch": 1.054878282904293,
    "r_sho_roll": 1.1045401801654533,
    "r_el_pitch": 0.9118654127527116,
    "r_el_yaw": 1.1059746642317343,
    "r_gripper": 1.0942112796647614,
    "l_sho_pitch": 1.05469179804903,
    "l_sho_roll": 1.0185118941230513,
    "l_el_pitch": 0.97802540298245,
    "l_el_yaw": 1.1020614478475872,
    "l_gripper": 1.1372180821514974
  }
}
