{
  "intrinsics": {
    "fx": 554.0,
    "fy": 554.0,
    "cx": 320.0,
    "cy": 240.0,
    "hfov_deg": 60.02294940457475,
    "vfov_deg": 46.845775530496475
  },
  "frame_shape": [480, 640, 3],
  "detections": [
    {
      "marker_id": 2,
      "tvec_m": [
        -0.0565090275517128, -0.002476491247286224, 0.2541284441537811
      ],
      "rvec_rad": [-3.0450726165443154, 0.0, -0.6898133815457254],
      "distance_m": 0.2603472091875762,
      "confidence": 1.0
    },
    {
      "marker_id": 3,
      "tvec_m": [
        0.060569644478366984, -0.0024768256106395352, 0.2541284441537812
      ],
      "rvec_rad": [
        -3.0341586237970484, 4.491777166474032e-15, 0.7366323734669286
      ],
      "distance_m": 0.2612586508144042,
      "confidence": 1.0
    }
  ]
}
