{
  "kernel": "polar",
  "head_dim": 128,
  "n_rows": 8,
  "block_bytes": 82,
  "use_qjl": 1,
  "q": [-0.08113772,-1.500999,0.1124144,-0.4863723,-0.07060413,0.8748253,-0.7622341,0.3924658,0.6046667,-1.036269,0.5669944,-1.052717,-0.3625831,-0.2851273,-1.806719,0.9340718,0.2563329,2.265125,0.6492189,-0.5782746,-0.9644729,0.6691469,-1.262365,0.8636525,0.4502321,0.2645898,0.8008329,-1.031135,-1.816547,0.4761853,0.3985619,-0.6206284,1.214498,-2.206739,-0.2716438,-1.226093,-2.300197,0.4173485,-0.4359695,0.518176,0.6671334,0.172258,0.3130359,0.8087237,-1.233681,0.5164512,0.1169414,-1.33077,-1.317006,-1.829457,-1.498395,1.544265,-0.0840251,0.002914525,0.5566515,0.09200314,-0.7664949,0.8073446,0.8520436,-0.844338,0.6173507,0.8486355,-1.125584,0.5640023,-1.02653,1.31063,1.105851,0.8357124,0.2958455,0.9569668,-0.3634787,-1.765566,-0.1702442,2.016692,-1.026067,0.7422163,-0.351561,-0.8068443,-0.1813994,-0.4701016,-0.3612599,0.3324689,-1.619715,0.9194469,-0.2806837,1.015332,0.3887179,-1.684082,-0.9287819,0.8498717,0.488967,1.495297,-0.9975989,1.320587,-1.290516,-1.152248,-0.9087254,-0.5684403,-1.132928,0.8399369,2.731615,-0.4974743,-0.1651717,0.4920964,1.178828,-0.9099498,-0.5398952,0.3592436,-0.4602296,2.109938,0.6357235,-0.07461862,-0.6228007,-0.6270943,-0.2297224,-0.2484676,0.8323432,0.1840081,-1.465705,1.284832,-0.6246172,0.3891744,-0.04034628,1.365037,0.02685197,-1.454516,0.4881603,0.134908],
  "k_blocks": [188,73,105,27,216,152,136,138,73,178,42,117,110,188,39,183,116,44,40,144,71,155,195,131,195,119,179,157,102,134,41,35,168,231,138,104,42,130,150,137,105,201,159,112,107,180,182,124,103,71,199,57,173,84,69,36,182,88,118,60,101,118,119,91,72,172,1,0,0,0,0,0,0,0,0,0,0,0,0,0,0,0,157,73,230,83,216,183,106,100,188,132,139,45,72,52,5,156,117,102,57,112,76,53,134,57,76,162,56,121,153,215,150,68,91,58,108,148,214,211,37,17,170,157,86,141,121,156,179,156,184,150,122,120,56,134,168,214,142,100,86,215,165,57,236,34,169,137,1,0,0,0,0,0,0,0,0,0,0,0,0,0,0,0,36,74,147,130,89,133,189,217,198,69,56,88,199,129,76,140,104,227,113,204,187,94,73,103,88,151,147,196,57,200,107,197,167,133,90,137,105,75,148,22,140,162,171,71,72,214,169,91,93,23,103,231,187,174,155,156,200,168,51,68,182,123,120,99,188,117,1,0,0,0,0,0,0,0,0,0,0,0,0,0,0,0,205,73,202,22,43,88,119,121,150,74,43,200,158,151,135,74,181,166,123,85,40,105,216,81,102,89,119,237,54,84,128,122,168,56,155,62,53,192,167,156,168,218,151,163,167,153,151,69,154,198,120,137,140,201,168,83,226,77,37,151,201,119,7,92,108,73,0,0,0,0,0,0,0,0,0,0,0,0,0,0,0,0,110,73,156,168,95,138,26,186,116,140,107,62,151,149,172,168,148,84,122,148,169,104,103,154,163,119,160,118,184,198,133,163,201,212,197,119,41,237,150,138,219,24,42,49,86,91,56,179,168,166,50,103,171,44,153,200,75,51,190,118,98,89,84,184,182,137,0,0,0,0,0,0,0,0,0,0,0,0,0,0,0,0,71,74,174,115,56,146,68,123,86,175,81,134,136,180,85,61,89,39,182,55,101,181,102,84,116,123,120,83,152,182,89,167,90,81,203,61,130,61,149,170,152,150,124,113,99,183,137,21,163,197,92,198,108,65,119,126,188,99,200,151,161,163,189,38,214,187,0,0,0,0,0,0,0,0,0,0,0,0,0,0,0,0,151,73,67,200,41,151,171,118,120,43,212,219,135,134,219,183,163,95,169,174,197,87,151,152,153,201,172,59,92,86,103,98,118,124,70,82,42,101,25,82,121,215,38,88,187,89,57,135,74,151,193,67,92,69,61,88,97,89,69,228,167,79,150,198,83,166,1,0,0,0,0,0,0,0,0,0,0,0,0,0,0,0,16,74,147,218,186,219,135,196,107,73,74,151,69,120,116,119,40,148,151,106,103,95,201,166,154,53,62,181,119,149,70,233,106,107,71,34,65,103,152,199,119,188,246,87,140,195,168,70,71,134,173,232,105,54,88,171,252,56,137,201,155,81,115,211,153,221,1,0,0,0,0,0,0,0,0,0,0,0,0,0,0,0],
  "expected_scores": [-6.108998,0.1748615,-7.072689,-16.47886,-2.325321,7.564045,0.8712569,14.65753]
}
