{
  "kernel": "polar",
  "head_dim": 128,
  "n_rows": 8,
  "block_bytes": 82,
  "use_qjl": 0,
  "q": [-0.1352776,-0.4412343,-0.7629664,-0.07569595,0.1642898,-0.1634242,-3.553474,0.4783342,1.05951,-2.014714,-0.4896244,1.232861,-0.5626413,-0.98624,1.053233,-0.6196377,0.5956277,-2.50013,0.9347893,-0.9300846,-0.1233444,-0.5478024,0.3838846,0.3916279,1.690523,-0.5015104,1.876995,0.6425446,0.5481234,-0.6770054,-0.01695444,0.1239601,0.8673568,0.5139603,0.3124737,1.975702,-1.047236,1.137592,0.1231561,-0.1144745,-1.068656,-0.9576747,-0.8011531,0.03315338,0.3117383,0.5825703,0.5285434,0.7773552,-1.804065,-1.570046,0.3895836,0.5165665,1.602792,-0.04270676,-1.456603,-1.235881,0.3724924,-0.4631703,-0.8838803,-0.8367683,0.8522718,0.2111439,-1.24766,-1.574045,-0.9918997,0.1515675,-1.234129,1.653651,1.540921,-1.121488,0.6126851,-1.832036,-0.01741361,0.6426677,-1.902283,-0.6637893,-0.3556745,-0.5312701,2.205662,0.2118952,-1.450333,-1.229073,0.994248,-1.426922,0.7386785,-0.9224152,0.3391738,0.3108426,0.7448323,-0.3855926,-1.337088,0.4103166,0.272395,0.3812452,0.0841818,0.8098367,0.4732298,-0.9192518,1.093622,-0.6198364,-1.778721,0.2363489,-1.263204,-0.4997468,-1.626137,0.0383768,0.2680318,0.3310155,-0.9731867,2.291235,0.7771707,-0.7231066,-0.646177,2.739623,0.55374,0.5793895,-0.543932,-1.024119,-0.8348249,-0.1332444,-0.9981585,0.9228892,-3.133131,-0.4057778,0.0288216,-0.9287809,0.1882473,-0.3518652],
  "k_blocks": [62,74,15,236,166,195,100,134,136,68,102,154,234,170,168,150,182,230,205,170,171,91,141,136,74,122,149,171,86,90,163,192,152,158,164,230,57,72,132,87,158,10,200,108,103,135,171,58,137,169,215,181,120,153,137,214,151,130,198,78,137,124,102,101,118,54,0,0,0,0,0,0,0,0,0,0,0,0,0,0,0,0,119,73,102,105,112,98,101,50,99,202,199,122,57,148,163,193,149,165,170,153,89,173,113,235,68,69,250,71,138,146,98,54,104,81,181,154,100,56,72,123,106,137,123,51,162,184,166,194,153,23,165,169,87,186,181,217,11,68,167,151,109,149,141,151,195,125,0,0,0,0,0,0,0,0,0,0,0,0,0,0,0,0,0,74,53,87,152,165,155,89,105,119,28,14,35,41,119,69,136,106,180,119,148,230,205,173,118,106,187,168,163,205,105,75,169,206,129,152,156,200,210,196,123,85,19,76,123,141,124,165,232,90,136,146,164,120,103,102,107,92,60,117,119,184,69,199,219,218,0,0,0,0,0,0,0,0,0,0,0,0,0,0,0,0,131,73,215,164,90,168,164,187,228,248,171,125,205,132,88,109,164,125,119,85,86,135,202,149,129,164,212,117,85,164,72,134,178,130,69,53,52,140,172,121,236,127,202,218,180,200,93,152,118,105,137,90,229,157,164,133,134,197,213,231,148,77,200,153,76,138,0,0,0,0,0,0,0,0,0,0,0,0,0,0,0,0,119,73,75,219,141,126,214,51,155,53,135,172,228,149,213,59,201,120,155,22,102,69,120,153,131,110,8,86,27,89,150,88,103,27,131,52,104,154,165,103,85,117,100,132,170,141,205,90,183,45,151,108,172,137,114,189,185,126,92,82,113,101,35,70,170,163,0,0,0,0,0,0,0,0,0,0,0,0,0,0,0,0,24,74,84,55,163,52,150,150,173,130,149,190,155,89,54,230,184,120,111,90,154,41,106,116,198,173,90,188,104,119,117,190,209,134,235,91,218,162,52,152,140,71,109,131,108,164,29,185,170,137,36,134,93,99,185,167,56,7,38,136,164,196,156,106,150,102,0,0,0,0,0,0,0,0,0,0,0,0,0,0,0,0,44,73,109,156,120,94,24,123,107,166,226,69,24,56,73,147,216,172,188,115,197,159,168,104,149,62,153,168,215,84,138,172,108,201,233,125,200,103,120,220,199,142,164,88,84,135,182,55,157,149,24,78,169,120,86,39,120,104,184,185,103,197,203,170,42,170,0,0,0,0,0,0,0,0,0,0,0,0,0,0,0,0,8,74,189,178,155,216,104,105,138,87,136,249,149,73,103,119,87,105,91,140,38,196,149,92,152,72,37,233,96,169,100,94,213,167,41,148,116,125,97,114,156,119,171,105,34,69,189,131,59,213,119,44,97,187,150,233,197,119,188,40,87,103,58,67,68,103,0,0,0,0,0,0,0,0,0,0,0,0,0,0,0,0],
  "expected_scores": [0.1772461,-4.164139,-7.398528,-9.138778,19.67719,22.85939,-2.181426,-15.46891]
}
