{
  "kernel": "polar_preht",
  "head_dim": 128,
  "n_rows": 8,
  "block_bytes": 82,
  "hadamard_inv_scale": 0.0078125,
  "q": [-1.502115,0.110365,2.491844,0.9544891,-0.3954064,0.8521456,-0.2438814,-0.01155595,-0.1486964,1.147859,1.843576,0.01014376,-0.5926621,0.3148117,0.9821066,-2.54552,1.500471,0.1545859,-1.048978,0.8998547,-0.6182095,-0.8777547,1.157527,0.8253546,-0.7006042,0.170537,1.0155,0.3896849,-0.2970692,-0.7584594,2.637634,0.6765276,2.454171,-0.1804193,-1.108329,-1.277229,-1.475199,0.4763634,-0.5089605,0.05903659,-0.9296277,1.339187,-1.190504,2.112249,0.2811246,0.7119077,0.08731409,-0.4769048,-0.1015583,-0.3609977,0.4993373,0.9835219,0.5582792,-0.5982814,0.06235736,-1.592161,0.8263335,-1.375983,-1.077768,0.285741,2.143135,-0.4034947,0.6007288,1.01255,1.119057,-0.2729008,1.379612,0.7459481,-0.3795859,-0.4435721,0.01121483,-0.2035459,1.640781,0.09160265,-0.3203042,-1.5646,-0.3573765,1.366974,-0.3925716,-0.6950756,1.227165,-0.7420553,0.9118762,1.496906,0.14614,0.5716615,0.6216635,0.5657492,0.06341001,0.7706456,-0.1916638,-0.105649,0.6593648,-0.6782754,0.2456113,-1.475085,-0.8012424,-1.837881,1.592034,-0.5201756,0.6215031,0.1843943,-0.8172255,2.036729,0.3285303,-0.01127892,-0.6299765,-1.166779,-0.2258328,-0.298733,-0.6003531,1.577706,-1.177108,0.0324409,-0.24965,-0.1763059,-0.4417869,0.09543344,0.71436,-1.88621,3.541923,-0.9305699,-0.2770051,1.147875,-0.3728194,-0.4179356,-0.5922882,2.173024],
  "hq": [16.65794,11.74071,-7.064321,5.043624,9.944662,5.578649,2.245824,14.58003,-4.131323,0.5301771,-13.86989,-3.030318,6.31565,10.85623,-13.12272,1.226526,-7.060426,-12.48615,10.21979,-19.95179,4.055378,21.31972,-8.619726,-11.63019,6.972535,7.276467,-13.4869,16.89878,-5.976598,18.40689,2.344662,-11.14804,11.75651,9.706558,-8.778796,-28.14491,15.79427,-6.931857,-3.515236,2.57784,19.73315,-14.96656,-10.70334,33.08106,-0.6618605,5.340024,4.912646,2.325566,-1.381385,12.15098,6.060925,-8.325332,12.04633,1.168178,-17.38652,4.11756,-8.850101,-7.957242,-10.66658,-24.03146,5.206057,-30.52481,-16.44963,-11.85361,3.802104,-3.39328,-6.496775,-12.27108,2.341854,-24.08823,-2.203231,5.955492,-7.774059,-3.661479,18.84783,11.79706,8.59527,17.64261,19.10322,3.532245,1.167108,-10.06997,8.485037,-15.25711,18.10708,-7.052052,-8.930738,11.28947,-4.071337,-0.1050396,3.241139,-7.892665,-17.86143,11.1586,6.446408,-0.08836031,1.359858,-2.982117,-24.35814,-10.64655,-3.349075,7.27739,3.580976,-12.95093,-7.414298,-9.503864,6.018848,-3.372642,-16.00239,-13.99411,-13.13935,-7.384881,-0.1616911,8.149493,-7.626936,-4.288047,-6.561088,-2.699993,-26.6944,-20.57524,15.48957,-9.308713,-15.83643,3.75039,-2.34162,9.018798,-17.37636,-4.127217],
  "k_blocks": [186,73,87,83,200,119,137,42,202,39,106,40,115,114,149,37,136,149,68,136,219,155,84,93,171,105,137,130,206,88,214,78,54,196,214,164,18,137,229,152,84,42,122,91,132,211,184,155,171,125,78,104,167,155,154,169,94,41,203,194,26,151,129,71,169,88,0,0,0,0,0,0,0,0,0,0,0,0,0,0,0,0,60,73,116,198,94,117,232,85,107,186,215,184,130,233,194,141,9,215,120,109,200,138,122,183,60,220,149,166,105,131,162,41,84,173,155,135,154,101,24,73,183,141,147,116,84,69,56,173,120,23,71,69,146,139,87,197,168,212,102,161,104,153,235,151,139,189,0,0,0,0,0,0,0,0,0,0,0,0,0,0,0,0,252,73,114,152,139,217,133,121,204,123,150,134,102,183,58,202,21,9,149,163,76,186,133,212,107,180,183,73,170,83,55,199,247,60,158,147,135,200,228,35,157,134,37,114,182,153,106,134,106,103,149,173,147,104,203,136,188,85,85,164,133,167,36,117,30,124,0,0,0,0,0,0,0,0,0,0,0,0,0,0,0,0,51,74,121,141,54,103,139,216,73,133,135,103,133,165,84,116,90,119,151,51,78,85,118,101,9,102,101,130,217,138,41,141,185,55,92,84,120,200,38,151,152,170,145,200,21,205,74,222,41,177,189,158,104,154,69,217,83,230,118,69,74,21,136,180,158,218,0,0,0,0,0,0,0,0,0,0,0,0,0,0,0,0,127,74,114,121,244,26,168,73,87,172,154,124,167,86,101,150,85,122,11,132,70,155,55,55,93,173,86,177,72,90,215,116,120,92,153,156,106,164,101,163,99,188,139,43,120,152,116,41,197,169,185,80,93,119,84,103,181,202,70,44,204,81,183,99,187,19,0,0,0,0,0,0,0,0,0,0,0,0,0,0,0,0,255,73,118,170,107,199,117,38,41,67,196,182,162,185,131,187,183,137,53,82,11,214,140,142,172,70,118,84,162,123,41,102,186,120,173,72,203,100,248,121,173,69,117,178,171,168,117,84,49,156,134,137,117,22,181,44,199,171,136,125,188,53,90,234,123,57,0,0,0,0,0,0,0,0,0,0,0,0,0,0,0,0,73,74,35,101,124,135,87,36,106,188,143,91,56,122,23,84,216,146,186,171,153,35,52,157,195,150,122,137,179,195,215,134,118,151,136,80,89,135,182,140,60,70,202,180,53,139,181,164,118,103,24,126,136,169,179,145,49,75,211,107,120,124,148,24,69,122,0,0,0,0,0,0,0,0,0,0,0,0,0,0,0,0,172,73,75,200,87,62,116,85,87,104,140,147,22,136,211,135,149,220,73,154,148,118,195,107,71,111,91,102,102,133,215,102,133,211,212,215,217,203,44,147,117,115,187,169,74,162,154,136,30,70,67,190,213,118,136,119,83,206,199,182,135,61,86,99,45,201,0,0,0,0,0,0,0,0,0,0,0,0,0,0,0,0],
  "k_blocks_qjl": [186,73,87,83,200,119,137,42,202,39,106,40,115,114,149,37,136,149,68,136,219,155,84,93,171,105,137,130,206,88,214,78,54,196,214,164,18,137,229,152,84,42,122,91,132,211,184,155,171,125,78,104,167,155,154,169,94,41,203,194,26,151,129,71,169,88,1,0,0,0,0,0,0,0,0,0,0,0,0,0,0,0,60,73,116,198,94,117,232,85,107,186,215,184,130,233,194,141,9,215,120,109,200,138,122,183,60,220,149,166,105,131,162,41,84,173,155,135,154,101,24,73,183,141,147,116,84,69,56,173,120,23,71,69,146,139,87,197,168,212,102,161,104,153,235,151,139,189,1,0,0,0,0,0,0,0,0,0,0,0,0,0,0,0,252,73,114,152,139,217,133,121,204,123,150,134,102,183,58,202,21,9,149,163,76,186,133,212,107,180,183,73,170,83,55,199,247,60,158,147,135,200,228,35,157,134,37,114,182,153,106,134,106,103,149,173,147,104,203,136,188,85,85,164,133,167,36,117,30,124,0,0,0,0,0,0,0,0,0,0,0,0,0,0,0,0,51,74,121,141,54,103,139,216,73,133,135,103,133,165,84,116,90,119,151,51,78,85,118,101,9,102,101,130,217,138,41,141,185,55,92,84,120,200,38,151,152,170,145,200,21,205,74,222,41,177,189,158,104,154,69,217,83,230,118,69,74,21,136,180,158,218,0,0,0,0,0,0,0,0,0,0,0,0,0,0,0,0,127,74,114,121,244,26,168,73,87,172,154,124,167,86,101,150,85,122,11,132,70,155,55,55,93,173,86,177,72,90,215,116,120,92,153,156,106,164,101,163,99,188,139,43,120,152,116,41,197,169,185,80,93,119,84,103,181,202,70,44,204,81,183,99,187,19,1,0,0,0,0,0,0,0,0,0,0,0,0,0,0,0,255,73,118,170,107,199,117,38,41,67,196,182,162,185,131,187,183,137,53,82,11,214,140,142,172,70,118,84,162,123,41,102,186,120,173,72,203,100,248,121,173,69,117,178,171,168,117,84,49,156,134,137,117,22,181,44,199,171,136,125,188,53,90,234,123,57,0,0,0,0,0,0,0,0,0,0,0,0,0,0,0,0,73,74,35,101,124,135,87,36,106,188,143,91,56,122,23,84,216,146,186,171,153,35,52,157,195,150,122,137,179,195,215,134,118,151,136,80,89,135,182,140,60,70,202,180,53,139,181,164,118,103,24,126,136,169,179,145,49,75,211,107,120,124,148,24,69,122,1,0,0,0,0,0,0,0,0,0,0,0,0,0,0,0,172,73,75,200,87,62,116,85,87,104,140,147,22,136,211,135,149,220,73,154,148,118,195,107,71,111,91,102,102,133,215,102,133,211,212,215,217,203,44,147,117,115,187,169,74,162,154,136,30,70,67,190,213,118,136,119,83,206,199,182,135,61,86,99,45,201,1,0,0,0,0,0,0,0,0,0,0,0,0,0,0,0],
  "expected_scores": [2.948323,-5.666114,-16.20054,0.7480268,10.76113,5.559644,-13.21695,-37.21234],
  "expected_scores_qjl": [3.158518,-5.473983,-16.4202,0.5204791,10.99958,5.339553,-12.98625,-37.00415]
}
