{
  "kernel": "qjl",
  "head_dim": 128,
  "proj_dim": 256,
  "n_heads": 1,
  "n_kv_heads": 1,
  "n_tokens": 8,
  "block_bytes": 34,
  "q_sketch": [12.53516,-7.395213,-0.5920691,4.942902,-8.294029,-10.34094,18.07066,-3.781061,-8.502164,7.627601,11.46354,23.12276,-5.131407,2.454797,3.37406,-13.85019,-18.18784,-9.106604,-6.202605,8.211444,-10.97304,2.285334,3.579978,-21.48404,9.410739,17.78482,-0.1832679,-4.428431,-1.417843,-14.01022,-9.910262,2.108872,-15.68255,8.422458,3.173004,-3.39141,-11.72826,4.006932,-17.08347,26.87773,12.98958,-3.201176,-18.19101,-12.84605,1.80289,5.964442,7.534614,1.097422,-0.7361411,8.019536,6.639759,3.093464,17.41968,0.5626228,-13.06857,-1.295662,14.83441,3.312859,-8.078628,-18.39371,-1.506611,5.575902,-2.705532,3.431384,-4.24141,6.761464,-1.573094,-2.527589,7.566464,11.95176,-2.755765,10.4034,15.86126,-11.25498,0.423209,-8.874613,28.95446,11.73843,-2.75043,5.653628,9.451888,-4.283419,8.592666,-11.05256,-21.35464,-8.743216,-11.98206,-1.153815,-10.90126,-17.85466,-4.643553,5.954299,13.5034,-16.84094,8.755664,0.8112609,9.268518,4.110296,-8.967723,-18.04978,18.26579,10.34374,-39.81679,-4.580944,-7.709538,6.920858,4.839105,9.689538,1.61871,5.473465,-9.534797,15.21209,1.53925,-2.138966,-4.147017,19.62273,-10.93491,-7.134401,22.52326,22.9545,2.527488,-14.38975,-13.70246,11.15924,4.007052,-3.138407,12.35986,-16.54085,-14.05023,6.272619,20.50936,5.690528,11.49332,16.97211,-7.193892,-7.384518,-3.863409,5.075294,3.67456,-10.01773,2.119638,8.302049,-11.19123,-1.148931,-11.68968,-9.452336,-7.221531,8.79763,5.860025,-8.462081,1.439206,12.09474,16.66642,-2.103582,1.573238,-1.069496,-6.501547,29.20748,-16.57382,-6.770392,14.48367,-6.60515,18.15748,-9.30076,-1.530934,-14.51356,1.668843,-1.170731,0.3759629,-0.4967953,8.57138,-20.27172,15.15441,-1.911333,-10.60872,-0.7668938,-10.92199,-28.15366,-17.22953,27.59112,-17.16247,2.722351,-2.365263,-28.43931,-4.81744,6.726093,-9.284768,-7.599154,-16.07902,14.85557,7.638782,-6.668997,-4.514506,7.165238,7.817398,-21.61832,-3.201183,5.339365,17.17061,4.882958,18.35185,15.9096,24.06466,2.013512,-3.448241,15.40689,5.914289,19.93783,-11.79416,-6.214303,-6.589608,-7.514693,-8.915626,-0.3759433,-4.31043,12.64971,-6.928619,-0.7160755,22.56843,10.00998,8.911624,-15.17383,21.18362,-9.859158,11.54668,-8.152087,9.547215,0.27427,-1.035094,-3.185797,-3.562366,-7.566757,0.717976,-5.523936,17.44056,-2.457762,13.02883,0.4773672,-2.543905,3.101117,0.8125257,-12.53463,25.0957,-4.354156,-11.96233,19.55932,3.800175,-5.880245,14.65808,31.7628,-21.24302,-0.2556511,-1.366139,-3.188983,-5.995555,-0.09503241],
  "k_blocks": [129,226,8,91,122,243,159,234,200,177,32,207,112,225,246,91,108,118,67,29,7,58,90,141,230,59,94,70,98,232,228,35,25,65,181,201,9,102,99,164,6,253,53,61,172,27,192,186,156,45,139,248,245,152,130,122,77,187,65,105,67,57,88,173,162,173,43,65,148,201,142,180,133,104,103,88,60,29,253,7,143,53,10,77,22,150,76,68,23,77,90,56,12,37,121,26,44,17,55,52,56,65,142,39,36,168,115,47,221,252,64,183,73,86,80,242,147,54,34,40,162,158,49,74,239,119,55,123,183,11,85,25,230,41,71,65,45,129,234,252,48,12,250,105,223,75,53,75,225,199,24,0,254,201,218,193,196,213,111,129,125,91,212,136,94,61,47,115,30,65,244,157,202,227,128,46,190,106,189,199,56,255,206,228,132,131,1,181,236,197,65,36,215,191,26,152,66,185,146,249,82,212,64,65,149,97,24,254,134,75,44,156,189,93,141,41,177,140,228,127,31,174,64,95,67,97,90,231,51,16,74,138,212,94,190,243,68,65,134,64,165,51,127,26,221,188,3,254,15,79,133,185,115,89,136,95,162,9,119,174,14,31,114,2,131,163,18,188,149,106,47,65],
  "expected_scores": [23.81622,-9.135834,-5.964725,-9.196585,-1.18519,-37.26862,19.24195,-8.468411]
}
