{
  "kernel": "turbo3",
  "head_dim": 128,
  "n_kv": 8,
  "block_bytes": 14,
  "blocks_per_kv": 4,
  "q": [-1.22754,0.6004496,-1.106367,-1.080653,0.3998435,0.8242237,1.134856,0.9970106,-0.07794166,0.09561051,-0.2120313,-1.171314,0.7043164,-1.848162,0.4622114,-0.2285166,0.5834895,0.1987324,-0.3628975,2.210581,-1.476167,-0.7427911,0.4516636,-0.09303004,2.289716,-0.5906384,-0.955736,-1.259223,-0.2208336,-0.1615379,-0.4096445,-0.7341915,-0.1907512,-0.3797859,-0.8916968,1.013538,0.4809465,0.1319233,1.192448,-0.1683023,-0.944167,1.89879,-0.4347385,-0.3479012,-0.7148564,0.03016219,-0.4003525,0.1771785,0.5529407,0.4211409,-0.6537254,0.08914019,1.598593,0.3745702,-2.456906,2.313977,-0.4956264,-2.4294,0.6878029,-2.219636,-2.076517,0.5786878,-0.3570232,0.8665258,1.547662,-0.8011252,-0.160764,-0.4377755,0.2792123,-1.709829,-0.5448051,0.2733665,-0.647348,0.1908118,-0.0719299,-0.4410887,0.7379852,-0.4549425,1.354327,-1.424142,-0.6851408,-2.002147,1.20437,-1.677587,1.137026,0.4240638,-0.7975742,-0.005488265,0.4819363,-2.107242,1.68099,-0.2901505,-1.483153,-1.72604,-1.328045,0.8768066,-0.003836973,-1.77517,-1.558517,-0.3376974,-0.05003145,1.159837,-1.671533,-0.9564018,-1.189933,0.6641642,-0.3053534,-0.2858195,0.2433681,-0.416518,-0.9200959,1.332415,-0.7511024,-0.5574201,0.1534012,1.401944,-0.221212,0.80548,-0.3879879,-0.9296287,0.2486988,0.8165731,-0.6195287,0.2029617,-1.046286,0.5213597,1.207593,0.7475972],
  "k_blocks": [107,73,136,114,160,47,85,38,208,166,39,115,133,101,107,73,157,114,248,165,34,76,140,172,49,17,88,67,107,73,110,211,221,24,89,67,83,38,44,149,235,134,107,73,78,207,213,119,213,63,97,161,189,134,130,59,254,73,44,50,213,147,84,69,136,69,169,97,235,62,254,73,195,230,94,82,99,121,139,162,6,239,55,160,254,73,22,137,95,115,146,74,151,83,206,172,81,200,254,73,187,95,183,200,143,133,138,216,115,66,236,28,87,73,221,83,244,183,252,185,158,236,172,97,147,220,87,73,182,88,218,149,203,232,250,232,144,181,4,112,87,73,108,194,80,106,137,73,160,227,97,63,108,34,87,73,155,244,154,201,69,40,10,111,16,194,221,128,22,74,113,87,162,226,163,121,202,107,107,74,12,7,22,74,233,93,40,127,28,144,31,135,147,107,173,72,22,74,161,21,190,223,65,144,92,156,211,66,127,93,22,74,3,42,75,175,178,166,76,237,242,4,178,63,134,73,225,4,106,206,54,3,66,52,151,193,169,244,134,73,61,135,149,155,65,145,248,235,41,196,174,97,134,73,86,52,6,157,84,21,89,86,146,63,215,156,134,73,39,225,39,147,208,99,214,96,126,170,166,84,131,73,152,106,139,150,233,113,125,31,37,96,63,12,131,73,116,86,83,189,201,166,8,154,201,191,53,13,131,73,121,197,4,43,15,239,214,181,76,207,12,140,131,73,215,17,58,90,237,226,154,56,254,190,36,177,41,74,112,182,229,240,240,252,180,149,55,55,19,85,41,74,65,11,147,227,29,101,113,161,236,36,41,191,41,74,241,55,15,169,142,143,167,146,131,46,212,111,41,74,231,112,87,14,248,216,140,168,50,96,195,149,106,73,233,0,69,106,197,123,134,41,243,132,169,148,106,73,248,102,214,228,233,97,184,7,163,212,37,189,106,73,33,106,153,38,130,250,162,111,141,184,162,199,106,73,141,254,200,121,1,106,190,230,5,23,95,56],
  "expected_scores": [-5.811116,8.761609,-7.806573,18.23257,1.455118,13.34191,-5.703835,-0.5589419]
}
