{
  "kernel": "turbo4",
  "head_dim": 128,
  "n_kv": 8,
  "block_bytes": 18,
  "blocks_per_kv": 4,
  "q": [1.59684,0.9589773,-0.1278389,-0.4112229,-2.220757,0.3105203,-1.664271,-0.7622379,-0.2076902,-0.2021453,0.4761767,0.0779006,1.213591,-0.4222747,0.2773018,-1.299632,1.192325,-0.2607425,1.299408,-0.01033101,-0.7005113,0.2026991,-1.626953,-1.438705,-1.196945,0.009656314,-0.8613182,0.3543024,-0.05760651,-0.950264,0.1210688,-1.106037,0.2172153,-0.3587008,-1.586789,-0.903128,0.9316423,0.7486563,-1.351384,-1.045828,1.102001,-2.380342,-0.1778617,0.9347783,0.9627966,-0.0981097,-2.402043,1.449159,-2.476854,0.2973318,-0.09982495,1.21618,-1.389566,-3.501561,-0.1642201,1.432305,-0.08809461,-0.6816038,0.3870505,1.240552,-0.5969194,1.203353,-0.03179784,-0.7989659,0.08151003,1.477605,0.9547415,0.2311492,0.4517452,-0.3951495,-0.3724532,-1.206304,-0.2776317,0.6983386,0.5712526,-0.2344818,3.618774,1.421818,-0.1104581,0.9748195,-0.3848811,1.816449,-0.2443857,0.3920752,-0.6907163,0.6861622,-0.1211663,-0.6471037,1.592279,1.013896,-0.1359068,-0.08460201,1.852106,-0.09404024,-0.09515872,0.6276494,0.6972576,2.000849,-1.163556,0.2732701,-0.5328068,0.8266871,-0.981216,0.577551,0.5956758,0.5992346,-1.582813,0.1147445,-0.9285405,1.939418,-0.7571769,1.28324,-0.736102,-0.8752558,0.1728729,0.2094709,-1.184182,1.444054,-0.1587978,1.210771,2.076784,0.9383581,0.5356165,1.058653,1.748779,0.1677978,0.8111583,-0.8344299],
  "k_blocks": [251,59,25,199,218,165,117,35,184,167,92,229,149,57,27,150,88,54,43,58,102,151,167,165,195,90,106,52,115,27,152,175,154,184,149,203,29,60,129,71,106,186,165,105,124,72,114,197,91,216,201,78,114,150,242,59,98,170,85,114,54,190,138,179,106,198,156,217,33,106,170,120,25,60,121,232,161,216,116,72,160,197,57,150,137,121,171,60,151,99,139,60,168,116,74,168,165,182,213,95,104,46,171,22,91,186,118,188,246,59,212,161,125,103,55,171,154,177,135,109,94,106,69,59,164,135,28,60,69,101,129,92,167,87,165,168,129,87,53,172,23,55,213,203,153,60,103,163,151,175,34,70,117,214,89,119,21,55,101,99,129,152,191,59,200,118,71,81,121,122,98,86,231,138,115,5,54,122,131,90,81,59,167,150,199,43,120,37,115,198,184,219,111,89,153,34,136,199,48,60,130,56,119,107,123,65,137,54,42,38,195,69,42,133,182,141,93,58,39,154,233,124,119,37,138,125,179,184,231,168,157,172,70,134,92,59,114,66,182,202,99,87,195,69,156,193,199,138,187,156,150,149,90,59,137,179,181,107,203,225,132,165,91,89,140,57,196,202,93,168,146,60,32,171,132,101,186,119,139,68,195,153,153,120,101,158,24,42,129,58,58,60,201,137,215,155,166,204,177,102,102,153,19,91,179,92,178,59,38,149,108,126,110,156,204,134,140,157,166,134,116,107,158,55,153,59,194,119,137,36,106,25,132,90,42,101,119,58,124,201,203,110,10,60,151,172,213,130,217,191,57,167,133,152,72,100,178,75,198,74,0,60,104,75,233,76,70,94,102,169,56,147,9,87,6,134,184,136,216,58,107,89,88,187,49,157,118,55,122,50,164,155,173,123,198,113,31,61,150,90,171,131,232,99,86,87,21,120,57,114,7,118,120,109,229,60,75,54,183,131,135,184,135,138,155,120,148,87,31,26,168,198,139,59,133,131,200,110,172,114,41,101,67,138,103,133,10,76,100,71,114,60,100,136,123,87,46,182,220,216,153,89,85,147,154,156,28,84,6,60,57,85,120,85,168,10,169,189,213,70,53,82,169,188,103,155,89,59,52,121,132,171,161,132,167,54,115,158,73,155,126,52,195,90,166,59,157,123,151,185,158,84,135,64,168,69,170,119,88,211,152,214,236,58,53,219,86,70,153,117,123,161,234,117,77,23,182,106,53,101,43,60,131,25,102,167,172,164,45,146,125,197,171,154,103,218,122,189,149,60,115,52,83,148,50,104,86,67,52,116,229,150,154,105,49,107],
  "expected_scores": [17.1555,-2.781012,-3.939843,12.01628,1.219653,3.735002,-3.594116,4.947957]
}
