{
  "kernel": "turbo3_tcq",
  "head_dim": 128,
  "n_kv": 8,
  "block_bytes": 52,
  "blocks_per_kv": 1,
  "q": [1.697561,-0.3513831,-0.3920994,-0.6386023,-2.472355,-0.3241276,-0.5426733,0.3511442,-0.9270058,0.4728119,1.485219,-1.022961,-0.9355821,0.1209567,-0.2200136,-0.6493754,0.7523515,0.01287545,-0.8768131,-0.3344149,0.4549526,-1.128525,0.4078187,-0.236889,0.7196471,-1.348239,-1.799279,-0.5779346,-0.257999,-0.9649529,0.3933145,1.189943,-0.1479511,0.1264235,-0.2755576,-0.2596309,0.07280722,1.864907,0.1663255,-0.389028,3.328472,0.04412105,-0.3955064,1.235734,-0.7509968,1.121821,-0.297583,0.7561684,0.5415519,0.172269,-1.315937,0.5893252,-1.175484,0.2043177,2.143957,-0.4744173,-0.6726442,-0.5453324,-1.302831,0.3349798,-0.4530666,-0.7568491,-1.937761,-0.5977715,-0.4473279,-1.517403,1.56718,0.2937006,-0.4938286,-1.29296,-1.352897,0.9300825,-0.8292053,1.505219,0.431947,-0.1902172,0.7962556,-0.8329003,0.2988835,-0.3172804,1.595841,0.5127693,0.5047873,-1.331423,1.376806,0.5807744,0.8263966,1.051817,-0.2654145,1.444911,0.1822576,-3.13008,-0.3945546,0.2117237,-1.803135,1.442258,-1.467327,0.4134145,-0.6387427,1.614501,0.5502897,-1.70555,-0.1065423,0.4197259,-1.140999,0.4294512,0.3045041,0.112143,0.7601315,-1.127694,0.8071481,-0.8818704,-0.486569,1.220243,2.325606,-0.5105315,-1.171616,-1.098831,0.9971609,-2.361396,1.474848,1.337337,0.6438172,-0.05606579,0.4843882,1.004341,-0.8390921,0.522722],
  "k_blocks": [171,73,93,112,181,25,9,125,10,55,51,238,44,38,67,248,133,160,115,98,117,60,20,86,151,246,9,73,141,186,186,111,189,99,79,114,190,55,187,76,213,130,154,114,25,41,72,199,82,82,11,0,234,73,42,105,237,157,73,107,142,255,86,224,104,109,129,196,192,194,141,17,100,215,213,163,224,130,182,28,99,206,234,126,21,225,186,53,133,88,88,22,76,39,193,74,146,174,238,232,199,14,46,0,156,73,40,19,222,20,53,162,20,27,114,119,95,32,188,233,5,100,39,190,35,166,52,231,229,132,101,164,169,93,197,95,218,50,246,157,149,77,4,234,99,164,17,50,21,89,174,86,157,242,52,0,241,73,101,31,131,91,53,107,222,62,130,161,93,192,18,215,48,7,249,49,191,60,235,38,191,76,150,152,154,125,167,19,228,214,169,34,205,134,148,19,25,242,42,81,25,172,122,113,29,115,35,0,141,73,115,203,142,207,194,251,189,85,25,168,26,143,50,0,223,170,202,114,178,192,221,82,46,189,115,109,86,178,210,64,218,225,158,168,27,226,45,227,207,163,194,4,234,53,210,147,181,81,15,0,50,74,86,86,203,236,198,217,115,252,198,130,164,142,147,223,40,162,18,35,34,98,154,62,129,149,218,41,115,149,190,250,18,136,181,117,190,99,95,69,40,6,93,135,143,76,237,19,77,101,20,0,182,73,24,171,9,104,44,112,98,196,103,209,234,24,82,6,119,110,248,181,185,218,200,205,5,110,45,133,247,238,88,152,97,28,6,56,107,134,216,68,246,88,149,179,2,103,128,62,124,195,4,0,229,73,78,22,37,68,21,180,35,135,224,92,203,25,157,166,160,10,196,208,170,53,130,8,207,0,204,212,66,159,190,168,137,17,74,171,89,68,132,146,152,33,55,99,170,224,238,31,53,122,36,0],
  "expected_scores": [6.407853,-6.996062,-1.582482,11.61365,11.02215,-17.40205,-4.142973,-8.562321]
}
