{
  "host": "192.168.1.218:9090",
  "fits": {
    "r_hip_yaw": {
      "name": "r_hip_yaw",
      "strength": 0.463451929002804,
      "offset": 0.00579089162529269,
      "rmse": 0.006835397910693677,
      "n_samples": 5
    },
    "r_hip_roll": {
      "name": "r_hip_roll",
      "strength": 0.8152113055312551,
      "offset": -0.010014100823097002,
      "rmse": 0.0026483186459237175,
      "n_samples": 5
    },
    "r_hip_pitch": {
      "name": "r_hip_pitch",
      "strength": 0.3742548159406464,
      "offset": 0.4831603657024664,
      "rmse": 0.0022109491755194304,
      "n_samples": 5
    },
    "r_knee": {
      "name": "r_knee",
      "strength": 0.7495696799082127,
      "offset": -0.03475084012028395,
      "rmse": 0.001288216123984076,
      "n_samples": 5
    },
    "r_ank_pitch": {
      "name": "r_ank_pitch",
      "strength": 0.5678344014108317,
      "offset": -0.2899607383726506,
      "rmse": 0.003262974813406973,
      "n_samples": 5
    },
    "r_ank_roll": {
      "name": "r_ank_roll",
      "strength": 0.6778913674184723,
      "offset": -0.018423837742936797,
      "rmse": 0.003521385119959822,
      "n_samples": 5
    },
    "l_hip_yaw": {
      "name": "l_hip_yaw",
      "strength": 0.8880130568502781,
      "offset": -0.007744190970238871,
      "rmse": 0.0017300607160171426,
      "n_samples": 5
    },
    "l_hip_roll": {
      "name": "l_hip_roll",
      "strength": 0.7613252109412123,
      "offset": -0.009605238844022387,
      "rmse": 0.0029568057545314983,
      "n_samples": 5
    },
    "l_hip_pitch": {
      "name": "l_hip_pitch",
      "strength": 0.48362736478568286,
      "offset": -0.4146663975323071,
      "rmse": 0.005980602020785355,
      "n_samples": 5
    },
    "l_knee": {
      "name": "l_knee",
      "strength": 0.6970120232004434,
      "offset": 0.017325346145332196,
      "rmse": 0.004500468940328841,
      "n_samples": 5
    },
    "l_ank_pitch": {
      "name": "l_ank_pitch",
      "strength": 0.7948510151448461,
      "offset": 0.11555169959125264,
      "rmse": 0.0066942045867364255,
      "n_samples": 5
    },
    "l_ank_roll": {
      "name": "l_ank_roll",
      "strength": 0.8394320733188009,
      "offset": -0.0042224609474041655,
      "rmse": 0.0025885454243535972,
      "n_samples": 5
    },
    "head_pan": {
      "name": "head_pan",
      "strength": 0.9442386835894578,
      "offset": -0.008661372788536213,
      "rmse": 0.003839044932227093,
      "n_samples": 5
    },
    "head_tilt": {
      "name": "head_tilt",
      "strength": 0.776362017086296,
      "offset": -0.015891715065847807,
      "rmse": 0.008534458637694982,
      "n_samples": 5
    },
    "r_sho_pitch": {
      "name": "r_sho_pitch",
      "strength": 1.0750292817433686,
      "offset": 0.1032268490971341,
      "rmse": 0.030572416034978553,
      "n_samples": 5
    },
    "r_sho_roll": {
      "name": "r_sho_roll",
      "strength": 0.6264471371192645,
      "offset": -1.021361525044102,
      "rmse": 0.007286095425830241,
      "n_samples": 5
    },
    "r_el_pitch": {
      "name": "r_el_pitch",
      "strength": 0.4325163189781477,
      "offset": 0.05970979930676947,
      "rmse": 0.007911512777807125,
      "n_samples": 5
    },
    "r_el_yaw": {
      "name": "r_el_yaw",
      "strength": -2.5735778340370267e-15,
      "offset": 0.625740000000002,
      "rmse": 5.874748045952207e-16,
      "n_samples": 5
    },
    "r_gripper": {
      "name": "r_gripper",
      "strength": 0.7525012109690095,
      "offset": -0.01596544824542441,
      "rmse": 0.0047437697149599715,
      "n_samples": 5
    },
    "l_sho_pitch": {
      "name": "l_sho_pitch",
      "strength": 0.5509945727864225,
      "offset": 0.6315071468246458,
      "rmse": 0.007990096721192209,
      "n_samples": 5
    },
    "l_sho_roll": {
      "name": "l_sho_roll",
      "strength": 0.3792880386887594,
      "offset": 1.6269475468115306,
      "rmse": 0.0063523575153250885,
      "n_samples": 5
    },
    "l_el_pitch": {
      "name": "l_el_pitch",
      "strength": 0.03181856970586092,
      "offset": 0.03968718443484322,
      "rmse": 0.0011827316572306538,
      "n_samples": 5
    },
    "l_el_yaw": {
      "name": "l_el_yaw",
      "strength": 0.7525012109690128,
      "offset": -0.18738805950406656,
      "rmse": 0.004743769714959926,
      "n_samples": 5
    },
    "l_gripper": {
      "name": "l_gripper",
      "strength": 0.7746390016469579,
      "offset": -0.013812107677388599,
      "rmse": 0.0034961267633076267,
      "n_samples": 5
    }
  }
}
